{
    "notes": [
        {
            "beat": 0,
            "x": 115.12693786621094,
            "y": -34.35545349121094
        }
    ]
}